 Question,Similar Question 1,Similar Question 2,,,,,,,
What is attachment theory?,What does attachment theory involve,Can you explain attachment theory,,,,,,,
What is attachment?,What is the concept of attachment,Can you explain what attachment means,,,,,,,
Does attachment behaviour indicate security?,How are attachment behaviours related to security,Can attachment behaviour be used to determine security,,,,,,,
How does attachment change from childhood to adolescence?,Can you explain how attachment evolves during the transition from childhood to adolescence,How does attachment transform as individuals progress from childhood to adolescence,,,,,,,
What attachment styles are there in adults?,How many types of attachment styles exist among adults,Can you elaborate on the different attachment styles observed in adults,,,,,,,
What are the biological explanations of attachment?,What is the biology of SAT,What is the biology behind attachment theory,,,,,,,
How is attachment theory related to crime?,What is the connection between attachment theory and criminal behavior,Can you explain how attachment theory influences crime ,,,,,,,
What are the practical applications of attachment theory?,How is attachment theory applied in real-world settings,What are some practical uses of attachment theory in different fields,,,,,,,
What are the attachment behaviours in infants?,What are some typical behaviors exhibited by infants,How do infants demonstrate attachment through their behavior,,,,,,,
What are the principles of attachment theory?,What are the main points of attachment theory,What are the main ideas in attachment theory,,,,,,,
How is attachment related to different cultures?,Does attachment theory apply universally across cultures,How does attachment theory manifest in diverse cultural contexts,,,,,,,
What is the significance of attachment patterns?,Why are attachment patterns important,What implications do attachment patterns have,,,,,,,
What is secure attachment in adults?,How would you define secure attachment in the context of adults,Can you explain the characteristics of individuals with secure attachment in adulthood,,,,,,,
What is anxious-preoccupied attachment in adults?,Can you describe the anxious-preoccupied attachment style in adults,How does an adult with anxious-preoccupied attachment behave,,,,,,,
What is dismissive-avoidant in adults?,How would you define the dismissive-avoidant attachment style in adults,How would you define the dismissive-avoidant attachment style in adults,,,,,,,
What is fearful-avoidant in adults?,Can you explain the fearful-avoidant attachment style in adults,What are the characteristics of individuals with fearful-avoidant attachment,,,,,,,
What are the relationships involving people with different attachment styles?,How do individuals with different attachment styles interact in relationships,Can you discuss the dynamics between people with varying attachment styles,,,,,,,
How to assess and measure attachment?,What are the methods used to assess and measure attachment,What are some commonly used tools for measuring attachment,,,,,,,
How is adult attachment associated with other traits?,What are the links between adult attachment and other psychological traits,Can you discuss the relationships between attachment styles and personality characteristics,,,,,,,
How is attachment related to criminal offenses?,Is there a connection between attachment patterns and criminal behavior,Can you explain how attachment experiences impact the likelihood of engaging in criminal offenses,,,,,,,
Who can form attachment?,Can only the mother form attachment with the child,Who can you form attachment with,,,,,,,
What are different attachment styles during adolescence?,How do attachment styles manifest during adolescence,What are the characteristics of different attachment styles in adolescence,,,,,,,
What are the different attachment styles in infants?,What are the signs of different attachment styles in babies,How do infants exhibit different attachment patterns,,,,,,,
What is secure attachment in infants?,Can you describe what secure attachment looks like in infants,What are the behaviors and characteristics of securely attached infants,,,,,,,
What is anxious or ambivalent attachment?,What are the signs of anxious attachment,What is ambivalent attachment,,,,,,,
What is avoidant attachment?,What are the signs of avoidant attachment,Can you explain avoidant attachment,,,,,,,
What is disorganized attachment?,What are the signs of disorganised attachment,Can you explain disorganised attachment,,,,,,,
How many exercises?,What is the total count of exercises in the program?,Can you tell me how many exercises there are,,,,,,,
What is SAT?,What does SAT stand for,Can you explain the concept of SAT in detail,,,,,,,
What is self-attachment theory?,Can you describe the theory of self-attachment,How is self-attachment theory used,,,,,,,
What goal should I have?,What factors should be considered when setting personal goals,How do i set a goal,,,,,,,
Can I have goals like making money?,"Is it acceptable to have financial goals, such as making money",What kind of goals should I have,,,,,,,
How many stages of self-attachment?,Can you explain the different stages involved in self-attachment,How is self-attachment theory structured in terms of stages,,,,,,,
Why do I need role-play?,How does role-play contribute to personal growth and self-attachment,What benefits can be gained from engaging in role-play exercises,,,,,,,
What if I don't have any goal?, What if I cannot think of a goal,Do I have to have a goal,,,,,,,
Why can't I feel the improvement?,How long does it take for SAT to have effect,Why do I have to do the exercises for so long,,,,,,,
How long is the course?,What is the duration of the SAT course,How much time is needed,,,,,,,
What attitude should I have to my child self?,How should I approach the Child,What mindset should I have with the Child,,,,,,,
How can we learn compassion?,Can you tell me about compassion ,Is learning compassion difficult,,,,,,,
Why do we fall in love with the child?,Why do we need to connect with the child,What is the reason for connecting with the child,,,,,,,
How is SAT related to role-playing?,In what ways does self-attachment theory incorporate role-playing techniques?,How is role-playing used in SAT,,,,,,,
Is falling in love with the child the same as being in love with oneself?,Can you distinguish between falling in love with the child and being in love with oneself,How is falling in love with the Child different from being in love with yourself,,,,,,,
What are examples of songs for falling in love with the child?,Can you provide some examples of songs to sing to the Child,What song should I use ,,,,,,,
Why do we need attachment to nature?,What is the significance of developing an attachment with nature,Why is attachment to nature important,,,,,,,
Why do we need to speak out loud to the child?,What is the purpose of speaking out loud to the child,Why is speaking to the child important,,,,,,,
Is laughing ridiculing?,Is laughing making fun of someone,How can laughing be distinguished from ridicule ,,,,,,,
Why do we need to laugh?,What are the psychological and physiological benefits of laughter,How does laughter contribute to self-attachment,,,,,,,
Why do we need continuous laughter?,How is continuous laughter important,What is the point of continuous laughter in SAT,,,,,,,
Why do we need laughing exercises?,What is the purpose behind engaging in laughing exercises,How is laughing exercises important in SAT,,,,,,,
How can we apply laughing exercises?,What are ways to apply laughing exercises,Should we apply laughing exercises in our daily life,,,,,,,
Why do I need to reprocess painful childhood events?,What is the purpose of reprocessing painful childhood events,How does reprocessing painful childhood events help,,,,,,,
What are mental exercises?,What does mental exercises mean,Tell me about what mental exercises are,,,,,,,
feedback,I want to provide feedback,Can I provide feedback on this course,,,,,,,
What is fMRI?,Can you explain fMRI,What does fMRI mean,,,,,,,
lesson 1,What is lesson one,What is the first lesson,,,,,,,
Four stages of self-attachment,What are the stages of self attachment,What are the stages in SAT,,,,,,,
Stage 1,What is the first stage of self attachment,What is the first stage of SAT,,,,,,,
Role-play in SAT,Can you explain role-play in SAT,What is the importance of role play in SAT,,,,,,,
gradual improvement through SAT,What will I improve through SAT,Will I see improvement in SAT,,,,,,,
3 Sets of Exercises,Overview of the exercises in SAT,What are all the exercises in SAT,,,,,,,
Stage 2,What is the second stage of self attachment,What is the first stage of SAT,,,,,,,
Compassion for the Child,What is compassion for the child,Can you explain compassion for the child,,,,,,,
exercise 1,What is the first exercise,Explain exercise 1,,,,,,,
exercise 2a,What is exercise two a,Explain exercise 2a,,,,,,,
exercise 2b,What is exercise two b,Explain exercise 2b,,,,,,,
lesson 2,What is lesson two,What is the second lesson,,,,,,,
Stage 3,What is the third stage of self attachment,What is the third stage of SAT,,,,,,,
exercise 3,What is exercise three,Explain exercise 3,,,,,,,
Examples of songs,What are examples of songs,Can you play an example of songs,,,,,,,
Another example of songs,What is another example of songs,Can you play another example of songs,,,,,,,
exercise 4,What is the fourth exercise,What is exercise four,,,,,,,
exercise 5,What is the fifth exercise,What is exercise five,,,,,,,
lesson 3,What is the third lesson,What is lesson three,,,,,,,
Importance of house building,What is the significance of house building,What is house building,,,,,,,
exercise 6,What is exercise six,What is the sixth exercise,,,,,,,
exercise 7a,What is exercise seven a,Explain exercise 7a,,,,,,,
exercise 7b,What is exercise seven b,Explain exercise 7b,,,,,,,
exercise 8,What is exercise eight,Explain exercise 8,,,,,,,
lesson 4,What is the fourth lesson ,Explain lesson four,,,,,,,
Proccessing current negative emotions,How do we process current negative emotions,What is the importance of processing current negative emotions,,,,,,,
exericse 9,What is exercise nine,Explain exercise 9,,,,,,,
exercise 10,What is exercise ten,Explain exercise 10,,,,,,,
lesson 5,What is the fifth lesson,What is lesson five,,,,,,,
importance of laughter,Why is laughter important,What is the significance of laughing,,,,,,,
Why do we laugh,What is the theory behind laughin,What is the reason we laugh,,,,,,,
Laughter as a emotion self-regulation tool,How is laughing used in SAT,How is laughter an emotion self-regulation tool,,,,,,,
exercise 11,What is exercise eleven,Explain exercise 11,,,,,,,
exercise 12,What is exercise twelve,Explain exercise 12,,,,,,,
exercise 13,What is exercise thirteen,Explain exercise 13,,,,,,,
exercise 14,What is exercise fourteen,Explain exercise 14,,,,,,,
Lesson 6,What is the sixth lesson,What is lesson six,,,,,,,
Perspective change for getting over negative emotions,Why do we need a perspective change for getting over negative emotion,What is a perspective change,,,,,,,
Exercise 15,What is exercise fifteen,Explain exercise 15,,,,,,,
Laughing at your upsets and unpleasant events,What is laughing at my unpleasant event,Why do I need to laugh at my negative memories,,,,,,,
Exercise 16,What is exercise sixteen,Explain exercise 16,,,,,,,
lesson 7,What is the seventh lesson,What is lesson seven,,,,,,,
Rise of narcissism,What is the importance of narcissim,How has narcissism affected us,,,,,,,
Socializing the child,What is socialising the child,What is the importance of socialising the child,,,,,,,
exercise 17,What is exercise seventeen,Explain exercise 17,,,,,,,
exercise 18,What is exercise eighteen,Explain exercise 18,,,,,,,
exercise 19,What is exercise nineteen,Explain exercise 19,,,,,,,
lesson 8,What is lesson eight,What is the eighth lesson,,,,,,,
Your child is the source of your creativity,How does the child represent creativity,What is the importance of the Child,,,,,,,
what traits are common in both very creative individuals and children?,What are common characteristics of very creative people,What traits do creative people exhibit,,,,,,,
exercise 20,What is exercise twenty,Explain exercise 20,,,,,,,
role models and their affirmations,What is the role model,What is the purpose of the role model,,,,,,,
Example of a role model and their affirmations,What role model should I pick,Can you give me an ideal of a role model,,,,,,,
exercise 21,What is exercise twenty one,Explain exercise 21,,,,,,,
exercise 22,What is exercise twenty two,Explain exercise 22,,,,,,,
exercise 23,What is exercise twenty three,Explain exercise 23,,,,,,,
Experience of violence in childhood,What is the significance of violent experiences in childhood,How does violent experiences in childhood affect you,,,,,,,
Trauma triangle,What is the trauma triangle,What is the importance of the trauma triangle,,,,,,,
exercise 24,What is exercise twenty four,Explain exercise 24,,,,,,,
Crisis in personal relationships,What is crisis in personal relationships,Tell me about crisis in personal relationships,,,,,,,
exercise 25,Exercise twenty five,Explain exercise 25,,,,,,,
myriad of external influences on us ,What are the external influence on us,What affects my progress in SAT,,,,,,,
exercise 26,What is exercise twenty six,Explain exercise 26,,,,,,,
home,Hello,I need help,,,,,,,
Let's get started,Begin course,How should I start,,,,,,,
exercise 2,What is exercise two,Explain exercise 2,,,,,,,
exericse 7,What is exercise seven,Explain exercise 7,,,,,,,
What are the attachment styles?,What are the different types of attachment styles,Can you explain attachment styles,,,,,,,
What is attachment behaviour?,Can you explain the concept of attachment behavior,What does attachment behaviour mean,,,,,,,
What is secure attachment? ,How do you define secure attachment,What are the characteristics of secure attachment,,,,,,,
What is the Child?,Who is the Child,What is the child self ,,,,,,,
What is the Adult?,What is the adult self,Who is the Adult,,,,,,,
What is a Google Cardboard?,What does Google Cardboard mean,How do I get the Google Cardboard,,,,,,,
What is an avatar? ,How do I have an avatar,What does the avatar mean,,,,,,,